Quarter,Trades,VIX_mean,VIX_std,FWD_01_mean,FWD_01_sharpe,FWD_01_WR,FWD_05_mean,FWD_05_sharpe,FWD_05_WR,FWD_25_mean,FWD_25_sharpe,FWD_25_WR,FWD_50_mean,FWD_50_sharpe,FWD_50_WR,FWD_90_mean,FWD_90_sharpe,FWD_90_WR
Q1,1046,24.72221797323136,5.046233637829488,1.8307122370936904,0.10368953474925982,49.61759082217973,0.43223180076628354,0.014140985756538662,34.38697318007663,-0.08092734225621553,-0.002939324735717479,46.845124282982795,36.020411089866165,0.613789395095565,90.43977055449331,,0,0
Q2,1014,27.07999013806706,4.111701537798462,-2.838434695912263,-0.170272183883352,42.073778664007975,-7.356212723658052,-0.292719115782733,25.745526838966203,-1.2821005917159756,-0.0379341909288539,45.463510848126234,-14.769649901380674,-0.17065559393886134,42.30769230769231,,0,0
Q3,1241,24.98884770346495,3.039590068421255,3.344238517324738,0.25133891883086185,57.13134568896051,16.932655116841257,0.4832400107492588,54.14987912973409,-16.37389202256245,-0.3209751370834767,29.0088638195004,-37.569802578565664,-0.22888355505198052,13.859790491539082,,0,0
Q4,1079,24.917358665430957,3.949372460448761,-0.6759962928637626,-0.048939573181028755,41.149212233549584,-16.936978683966636,-0.6217605876344873,19.833178869323447,-72.2793327154773,-1.42339680189545,4.541241890639481,-81.81415804327376,-0.7057540151988534,11.759172154280337,,0,0
