Dataset,VIX_apertura,N,VIX_change_1d,VIX_falling_1d_pct,VIX_change_5d,VIX_falling_5d_pct,VIX_change_25d,VIX_falling_25d_pct,VIX_change_50d,VIX_falling_50d_pct
Q4 2022,24.917358665430957,1079,-15.93574221232783,76.90166975881262,-16.234235435903813,77.69516728624535,-15.097380184074405,77.1880819366853,-16.017564270462312,76.64165103189492
Q1 2022,24.72221797323136,1046,-15.485356181803105,74.44976076555024,-15.905241428473246,76.65071770334929,-17.020978189437542,77.151051625239,-15.748954199762782,76.74641148325358
Otros años,19.27876643385374,19496,13.330830095975003,42.75652889163068,13.672187916739547,43.10539845758355,13.519299359907658,43.204158303741444,13.274196333894654,43.56848609680741
